shipment_id,retailer_id,distribution_center_id,product_id,shipment_date,units_shipped,shipment_status,estimated_delivery_date,actual_delivery_date
SHP-0000018,RTL-WMT,DC-MW-01,P00003,2025-02-23,51,IN_TRANSIT,2025-03-02,
SHP-0000027,RTL-WMT,DC-MW-01,P00004,2025-02-23,37,DELAYED,2025-02-27,2025-03-03
SHP-0000045,RTL-WMT,DC-MW-01,P00007,2025-02-24,32,DELIVERED,2025-03-01,2025-03-02
SHP-0000132,RTL-TGT,DC-MW-01,P00008,2025-02-23,39,IN_TRANSIT,2025-03-01,
SHP-0000164,RTL-KRG,DC-SE-01,P00009,2025-02-24,4,DELIVERED,2025-03-02,2025-03-04
SHP-0000187,RTL-AMZ,DC-SE-01,P00001,2025-02-23,17,DELIVERED,2025-03-02,2025-03-01
SHP-0000196,RTL-AMZ,DC-SE-01,P00002,2025-02-24,41,DELIVERED,2025-03-01,2025-03-01
SHP-0000223,RTL-AMZ,DC-SE-01,P00005,2025-02-23,19,CANCELLED,2025-02-27,
SHP-0000250,RTL-AMZ,DC-SE-01,P00008,2025-02-24,40,IN_TRANSIT,2025-03-02,
